{
"media" : 0,
"education" : 0,
"music" : 0,
"technology/games" : 0,
"books" : 0,
"artanddesign" : 0,
"stage" : 0,
"film" : 0,
"tv-and-radio" : 0,
"commentisfree" : 0,
"lifeandstyle/food-and-drink": 0,
"lifeandstyle/health-and-wellbeing": 0,
"lifeandstyle/love-and-sex": 0,
"lifeandstyle/family": 0,
"lifeandstyle/women": 0,
"lifeandstyle/home-and-garden": 0,
"lifeandstyle": 0,
"technology": 0,
"fashion": 0,
"business": 0,
"travel": 0,
"science": 0,
"sport": 0,
"football": 0,
"none": 0
}